2.055144786834717,300.07689058844414,0.5680922,300.0473908850895,0.5714733
2.0348129272460938,300.06533324127645,0.5680296,300.04764641655817,0.5714107
2.0475809574127197,300.0636918809679,0.5679669,300.0474148277475,0.5712853
2.0758299827575684,300.05664533342633,0.5679044,300.04511272944626,0.5712227
2.0487663745880127,300.06035557689285,0.5678417,300.04511272944626,0.5712227
2.0366594791412354,300.0592100909937,0.5677791,300.0468097155607,0.5711601
2.0452821254730225,300.0592100909937,0.5677791,300.046598577175,0.5710975
2.037959098815918,300.065503562369,0.5677165,300.046598577175,0.5710975
2.0606460571289062,300.065503562369,0.5677165,300.0432821001325,0.5710349
2.0362677574157715,300.06167793273926,0.5676539,300.0432821001325,0.5710349
2.0523440837860107,300.06167793273926,0.5676539,300.04396836534676,0.5709722
2.036257028579712,300.0642878380736,0.5675912,300.04396836534676,0.5709722
2.0619044303894043,300.0642878380736,0.5675912,300.04396836534676,0.5709722
2.044185161590576,300.0642878380736,0.5675912,300.0413153734569,0.5709095
2.0560193061828613,300.0642878380736,0.5675912,300.0413153734569,0.5709095
2.041722536087036,300.06336112147414,0.5675287,300.0413153734569,0.5709095
2.059128999710083,300.06336112147414,0.5675287,300.0442359354148,0.5708469
2.057237148284912,300.06336112147414,0.5675287,300.0442359354148,0.5708469
2.068420171737671,300.06336112147414,0.5675287,300.0442359354148,0.5708469
2.0569818019866943,300.06336112147414,0.5675287,300.0442359354148,0.5708469
2.0374062061309814,300.0619258880615,0.567466,300.0442359354148,0.5708469
2.0552978515625,300.0619258880615,0.567466,300.0398376464844,0.5707843
2.0454821586608887,300.0619258880615,0.567466,300.0398376464844,0.5707843
2.037714958190918,300.0619258880615,0.567466,300.0398376464844,0.5707843
2.0496912002563477,300.0619258880615,0.567466,300.0398376464844,0.5707843
2.0453407764434814,300.0619258880615,0.567466,300.0398376464844,0.5707843
2.0468010902404785,300.06231265310515,0.5674034,300.0398376464844,0.5707843
2.049506664276123,300.06231265310515,0.5674034,300.0421646498276,0.5707216
2.0539889335632324,300.06231265310515,0.5674034,300.0398376464844,0.5707843
2.0449392795562744,300.06231265310515,0.5674034,300.0421646498276,0.5707216
2.0434882640838623,300.06231265310515,0.5674034,300.0421646498276,0.5707216
2.056466579437256,300.06231265310515,0.5674034,300.0421646498276,0.5707216
2.0430097579956055,300.0642878380736,0.5675912,300.0442359354148,0.5708469
2.042724847793579,300.10348223517923,0.56828,300.0468097155607,0.5711601
2.0517640113830566,299.29802434970446,0.569094,300.0473908850895,0.5714733
2.034128427505493,298.9070893258759,0.5699706,300.0537165520099,0.5718492
2.0475661754608154,298.5070571899414,0.5709098,300.0568993287246,0.5722876
2.038989543914795,298.06691120580297,0.571849,300.0621337890625,0.5726635
2.0383808612823486,297.6313531017658,0.5728508,300.0618379497093,0.573102
2.057584285736084,297.21327488238995,0.57379,300.0631470041177,0.5734778
2.0552926063537598,296.7679832002037,0.5747918,300.0816388811384,0.5739163
2.049420118331909,296.3520810744341,0.575731,299.59747040946525,0.5743548
2.0368409156799316,295.9199407908542,0.5767328,299.3386300893931,0.5747933
2.037545919418335,295.4475246522485,0.5777972,299.14806381044656,0.5752318
2.04929256439209,295.00410107514705,0.5787991,298.9474494536341,0.5756702
2.042088031768799,294.577611781529,0.5798009,298.75933837890625,0.5761087
2.060575008392334,294.11088918050126,0.5808653,298.59587787988767,0.5764846
2.046907663345337,293.6886558981503,0.5818672,298.350350404397,0.5769857
2.0499775409698486,293.2525716466228,0.582869,298.15682556152336,0.5774242
2.0465009212493896,292.80664966499825,0.5839334,297.95839666551166,0.5778627
2.047755479812622,292.34159909018985,0.5849978,297.7660932818663,0.5783012
2.0387184619903564,291.88558088030135,0.5860622,297.5731867740028,0.5787396
2.051201105117798,291.4425328664401,0.587064,297.35675548833643,0.5792408
2.060807466506958,291.0336669144357,0.5880033,297.1592648892789,0.5796793
2.0540525913238525,290.57238304693965,0.5890677,296.96877288818354,0.5801178
2.047466516494751,290.1317597861602,0.5900695,296.7669773960972,0.5805563
2.0590713024139404,289.68548539433175,0.5910713,296.54448124686667,0.5810574
2.061567783355713,289.25611724853513,0.5920732,296.35165981076796,0.5814959
2.040943145751953,288.84350863370025,0.5930123,296.1286277886945,0.581997
2.0586023330688477,288.4153455579603,0.5940142,295.9286778767903,0.5824355
2.0322628021240234,288.00330434945914,0.5949533,295.7345441501944,0.5828739
2.0482771396636963,287.6056850267493,0.5958925,295.54443608837494,0.5833125
2.0483555793762207,287.1996926427341,0.5968318,295.31561279296875,0.5838136
2.0359089374542236,286.7947692871094,0.597771,295.1223981071921,0.5842521
2.044053316116333,286.38528598217255,0.5987102,294.9256335555986,0.5846906
2.038954257965088,285.97708962180394,0.5996494,294.7324472604929,0.585129
2.0509965419769287,285.5920715332031,0.600526,294.5454725078508,0.5855675
2.0401670932769775,285.19709012357896,0.6014652,294.3253085666233,0.5860686
2.050295352935791,284.82182366786856,0.6023417,294.1351436491936,0.5865071
2.044127941131592,284.42919921875,0.6032183,293.9522489444938,0.5869456
2.0383706092834473,284.02612841260304,0.6041575,293.75914938408033,0.5873841
2.0531017780303955,283.6763496199898,0.6049715,293.5617145825458,0.5878226
2.0496394634246826,283.32577187674383,0.6057855,293.358448270001,0.5883237
2.045917272567749,282.9702363404088,0.6065994,293.16021671606387,0.5887622
2.0455453395843506,282.6520494030368,0.6073508,292.97953870618664,0.5892007
2.0452210903167725,282.32537662281703,0.6081022,292.78974878827864,0.5896392
2.04557466506958,281.9742928390374,0.6089162,292.5859157518409,0.5900777
2.0583600997924805,281.5945319779422,0.6097928,292.4034023741215,0.5905161
2.0369746685028076,281.21551400643807,0.6106693,292.20729229901286,0.5909547
2.0521204471588135,280.8624979654948,0.6114833,292.0155455542392,0.5913931
2.0432071685791016,280.51958537101746,0.6122973,291.8247534346907,0.5918316
2.0414061546325684,280.14476184971284,0.6131739,291.62472354664516,0.5922701
2.0343596935272217,279.7873004754892,0.6139879,291.4153494929635,0.5927712
2.0536556243896484,279.4310660729042,0.6148018,291.24960596421187,0.5931471
2.0416362285614014,279.08236328124997,0.6156158,291.0235595703125,0.5936482
2.056565523147583,278.74954482256356,0.6163671,290.83976289665554,0.5940867
2.0546998977661133,278.40241925740975,0.6171811,290.63403686523435,0.5945251
2.0376241207122803,278.05684348237065,0.6179952,290.47773647704065,0.594901
2.0433599948883057,277.6713754961567,0.6188717,290.2849527994792,0.5953395
2.060133695602417,277.3520358256157,0.6196231,290.0974426269531,0.595778
2.0336976051330566,277.00335909625676,0.620437,289.8960241699219,0.5962165
2.049121618270874,276.6753618358511,0.6211884,289.7121645420878,0.5966549
2.039205551147461,276.33133409288195,0.6220024,289.5449923602018,0.5970308
2.043262481689453,275.98697845458975,0.6228164,289.36261768273187,0.5974693
2.0348691940307617,275.62283429401674,0.6236303,289.1600237759677,0.5979078
2.051304578781128,275.29207735928617,0.6243817,288.9720930619673,0.5983463
2.041398286819458,274.9738019759279,0.625133,288.7853923596834,0.5987847
2.029179573059082,274.6225210336538,0.625947,288.5884751029637,0.5992232
2.044684886932373,274.2665560925342,0.626761,288.42190579168806,0.5995991
2.0591163635253906,273.9343123002486,0.6275124,288.2320974249589,0.6000376
2.0468733310699463,273.60388859173725,0.6282637,288.04229010259354,0.6004761
2.0455286502838135,273.25190353393555,0.6290777,287.8534470710202,0.6009145
2.0662245750427246,272.92702788424634,0.629829,287.69221290382177,0.6012904
2.056607961654663,272.6005566540886,0.6305804,287.50221252441406,0.6017289
2.040708065032959,272.2468330784847,0.6313944,287.31305525037976,0.6021674
2.0390822887420654,271.9171653079547,0.6321458,287.12219105596125,0.6026059
2.0579774379730225,271.5908610026042,0.6328971,286.959470720989,0.6029817
2.038686752319336,271.26289432149537,0.6336485,286.7617076526989,0.6034202
2.070050001144409,270.94352472745453,0.6343998,286.60006030854726,0.6037961
2.0406384468078613,270.6226010063586,0.6351512,286.4133406835245,0.6042345
2.056422472000122,270.2921731917585,0.6359026,286.21745849008045,0.604673
2.0627729892730713,269.93896789550786,0.6367166,286.0262094952458,0.6051115
2.049057722091675,269.6130620912064,0.6374679,285.8598274698063,0.6054873
2.055826425552368,269.28697713216144,0.6382193,285.6766384110251,0.6059258
2.0584728717803955,268.96850379038665,0.6389706,285.5090746851024,0.6063017
2.0489227771759033,268.6435234411439,0.639722,285.3222335141347,0.6067402
2.052751064300537,268.31004410138416,0.6404734,285.1574827014891,0.607116
2.0495028495788574,267.9650360733882,0.6412873,284.96609346737415,0.6075545
2.041520595550537,267.6430165360614,0.6420387,284.796370272151,0.6079304
2.0616772174835205,267.28929974955895,0.6428527,284.60300894344556,0.6083688
2.046632766723633,266.99550824360335,0.6435414,284.41861979166663,0.6088073
2.0415587425231934,266.67077442515983,0.6442928,284.25937724935596,0.6091831
2.0588409900665283,266.34519630142404,0.6450441,284.0842194252826,0.609559
2.0536935329437256,266.0548469565193,0.6457329,283.9049880938703,0.6099975
2.052868127822876,265.73430342240766,0.6464843,283.7338510066905,0.6103733
2.0588340759277344,265.43561472791305,0.647173,283.5418292295585,0.6108118
2.0441737174987793,265.1460794115823,0.6478618,283.3777277904191,0.6111877
2.050446033477783,264.8129332377648,0.6486131,283.2208661410077,0.6115635
2.0600955486297607,264.51129744246197,0.6493019,283.0224736051739,0.612002
2.0404300689697266,264.18973650251115,0.6500532,282.8648363196331,0.6123778
2.0512232780456543,263.8997955322265,0.650742,282.66579236482323,0.6128163
2.059849977493286,263.57134514885973,0.6514933,282.50871195428056,0.6131922
2.0703978538513184,263.23361104020233,0.6522447,282.3100063056703,0.6136307
2.049405813217163,262.94154965478964,0.6529334,282.14453125,0.6140065
2.062741756439209,262.61862087249756,0.6536848,281.98779360014817,0.6143824
2.0528781414031982,262.3212447116944,0.6543736,281.82593835306443,0.6147582
2.0606980323791504,262.01133938178333,0.6551249,281.6213549491686,0.6151967
2.0782976150512695,261.6788265870349,0.6558763,281.46223146342385,0.6155725
2.065448045730591,261.35837610756477,0.6566277,281.2725128405022,0.616011
2.037490129470825,261.03373554324315,0.657379,281.1234836578369,0.6163869
2.057713508605957,260.73997721952554,0.6580678,280.94342698145954,0.6167627
2.0583693981170654,260.47650703223974,0.6586939,280.748379138089,0.6172012
2.0478365421295166,260.17168722198335,0.6593826,280.5963291226305,0.6175771
2.0658719539642334,259.8743610997354,0.6600714,280.4283642815154,0.6179529
2.046175956726074,259.5950957380022,0.6606975,280.24292481193197,0.6183914
2.068052291870117,259.27391296603923,0.6614489,280.101592872945,0.6187046
2.045593500137329,258.94837622070315,0.6622002,279.91786426145643,0.6191431
2.0544252395629883,258.6412743687314,0.662889,279.74989420572916,0.6195189
2.0521745681762695,258.3464050292969,0.6635777,279.5840892904609,0.6198947
2.0616137981414795,258.034883418964,0.6642665,279.4188159025168,0.6202706
2.061248779296875,257.75389686360427,0.6649552,279.2360914611816,0.6207091
2.047133684158325,257.50018304280434,0.6655188,279.06649528694834,0.6210849
2.055169105529785,257.2002276340729,0.6662075,278.89985842821073,0.6214608
2.0489754676818848,256.8889465332031,0.6668962,278.73813568212734,0.6218366
2.040212631225586,256.572070212715,0.6676476,278.5534782190012,0.6222751
2.0524778366088867,256.2770906631261,0.6683363,278.3828916161038,0.622651
2.046818971633911,255.9441937066113,0.6690877,278.2264840262277,0.6230268
2.0620827674865723,255.6101494991418,0.6698391,278.0597244262695,0.6234026
2.0535192489624023,255.32074302755376,0.6705278,277.8952135021103,0.6237785
2.0586419105529785,255.04483738949423,0.671154,277.7309204101562,0.6241543
2.0553739070892334,254.7694427623499,0.6717801,277.5645352450284,0.6245302
2.0491867065429688,254.49655385630754,0.6724062,277.38098931312555,0.6249687
2.0708911418914795,254.22093427850956,0.6730323,277.2179479024497,0.6253445
2.0418474674224854,253.94298667907717,0.6736585,277.0467839061766,0.6257204
2.04323410987854,253.6416711425781,0.6743473,276.87981844651665,0.6260962
2.0592455863952637,253.35877505215734,0.6749734,276.7217687988281,0.626472
2.0528924465179443,253.086896939515,0.6755995,276.5532905177066,0.6268479
2.0651092529296875,252.8103550197361,0.6762257,276.39354765727256,0.6272237
2.0632855892181396,252.51630768952546,0.6769144,276.2333641052246,0.6275996
2.04980206489563,252.2030200958252,0.6776032,276.0653937767292,0.6279755
2.0641467571258545,251.92432669307405,0.6782293,275.9028826774435,0.6283513
2.070783853530884,251.6294246059609,0.6789181,275.7350061868568,0.6287271
2.0386853218078613,251.2971062458737,0.6796694,275.5676488742023,0.629103
2.0521223545074463,250.99047761804917,0.6803582,275.3985834536345,0.6294788
2.0312845706939697,250.71622332763673,0.6809843,275.2320922851562,0.6298547
2.053239345550537,250.41768504955155,0.681673,275.07470703125,0.6302305
2.041437864303589,250.1419449161422,0.6822992,274.9105637178393,0.6306064
2.051584482192993,249.83206067054104,0.6829879,274.7463193771911,0.6309822
2.050503969192505,249.55834621853296,0.6836141,274.548535823822,0.6314207
2.044809579849243,249.26046132233188,0.6843028,274.4154348568041,0.6317339
2.049384832382202,248.94770304361973,0.6849916,274.2444785347198,0.6321097
2.0599465370178223,248.65035897934018,0.6856803,274.0826127237348,0.6324856
2.0506885051727295,248.37106376470524,0.6863064,273.92294245180875,0.6328614
2.0604512691497803,248.09689304284882,0.6869326,273.759972927254,0.6332373
2.05601167678833,247.8247571113782,0.6875587,273.59202562019004,0.6336131
2.048865795135498,247.54375712076822,0.6881848,273.42907650764846,0.633989
2.0563652515411377,247.2436155554367,0.6888736,273.2565671344136,0.6343648
2.058650493621826,246.93035470654152,0.6895623,273.0886183775188,0.6347406
2.0510611534118652,246.63252309900554,0.6902511,272.9306396672755,0.6351165
2.0511908531188965,246.3606870057153,0.6908772,272.7686926014332,0.6354924
2.05393648147583,246.07921965225864,0.6915033,272.60301799158896,0.6358682
2.061396837234497,245.8082416722032,0.6921295,272.43303906006673,0.6362441
2.042041301727295,245.49906639039042,0.6928182,272.27123406592835,0.6366199
2.0632498264312744,245.22163868106523,0.6934443,272.1065345177283,0.6369957
2.0318500995635986,244.946172281901,0.6940705,271.97074720594617,0.637309
2.060526132583618,244.66508615752804,0.6946967,271.81271152264674,0.6376848
2.048109769821167,244.392077044022,0.6953228,271.6439028370137,0.6380606
2.064879894256592,244.1724036721622,0.6958237,271.4789711556784,0.6384365
2.042881965637207,243.92121791839597,0.6963872,271.3143702507019,0.6388123
2.0597798824310303,243.67489519689838,0.6969507,271.1540812830771,0.6391882
2.0474724769592285,243.41796751792387,0.6975142,270.99490003349365,0.639564
2.062898635864258,243.14400285543852,0.6981404,270.8339227443788,0.6399398
2.054145574569702,242.86654561360686,0.6987665,270.6698255247424,0.6403157
2.041958808898926,242.57041564941406,0.6994553,270.53200651989783,0.6406289
2.048556089401245,242.29257112390857,0.7000814,270.37436933172114,0.6410048
2.0590968132019043,241.97409359529058,0.7007701,270.2092223296294,0.6413806
2.060537338256836,241.70696204552286,0.7013963,270.04431603064904,0.6417565
2.0658371448516846,241.45359366280692,0.7019598,269.8776343394134,0.6421323
2.0478591918945312,241.1807314839226,0.7025859,269.713729095459,0.6425081
2.058838129043579,240.90166468369333,0.7032121,269.581525199021,0.6428214
2.0478298664093018,240.62653808593748,0.7038383,269.4163012871375,0.6431972
2.0639917850494385,240.31301138254517,0.7045269,269.25488708884853,0.643573
2.048813819885254,240.02865592760918,0.7051531,269.08739586074114,0.6439489
2.063640832901001,239.7501697075076,0.7057793,268.9275156426754,0.6443247
2.054431676864624,239.45584797859195,0.706468,268.76167553146456,0.6447006
2.0383973121643066,239.20457310579263,0.7070315,268.6084025943794,0.6450764
2.0618739128112793,238.94514299475634,0.7076576,268.463855052914,0.6453896
2.055013656616211,238.64858076992243,0.7082838,268.3013099136785,0.6457655
2.046889543533325,238.39596774783476,0.7088473,268.14453986232263,0.6461413
2.054196834564209,238.14252616263724,0.7094108,267.9770718902467,0.6465172
2.0532944202423096,237.86881026688155,0.7100369,267.811226953434,0.646893
2.0509538650512695,237.59741323687172,0.7106631,267.6791785987648,0.6472062
2.0654685497283936,237.32128628817475,0.7112892,267.52202432539764,0.6475821
2.049748420715332,237.00815926346127,0.711978,267.3546332525293,0.6479579
2.0515925884246826,236.75726526433763,0.7125415,267.18863945007325,0.6483337
2.044029951095581,236.50352961474127,0.713105,267.02604319077335,0.6487096
2.0671420097351074,236.25037887383297,0.7136685,266.89041633279913,0.6490228
2.0605545043945312,235.99049768551163,0.714232,266.7262469482422,0.6493986
2.0417983531951904,235.74984957523273,0.7147956,266.5562290058698,0.6497745
2.060614585876465,235.46414903105878,0.7154217,266.39490057497613,0.6501503
2.0533087253570557,235.1902256640759,0.7160478,266.23294441966806,0.6505261
2.060936689376831,234.90975776972004,0.7166739,266.09811666737437,0.6508394
2.043466329574585,234.66208096208277,0.7172375,265.9376589049403,0.6512153
2.059591770172119,234.39423546046257,0.717801,265.7711982879031,0.6515911
2.0607306957244873,234.10999043782556,0.7184271,265.6326487949916,0.6519043
2.060176372528076,233.8688525093926,0.7189907,265.472940540595,0.6522801
2.0512189865112305,233.58860164735376,0.7196168,265.30646034523295,0.652656
2.0501766204833984,233.32221137687614,0.7201803,265.15013313293446,0.6530318
2.0601460933685303,233.05021154033065,0.7208065,264.9805629260219,0.6534077
2.0618650913238525,232.73886900019824,0.7214952,264.84717239716826,0.6537209
2.052377700805664,232.48836381341755,0.7220587,264.68460472593915,0.6540967
2.053947925567627,232.22696099691828,0.7226223,264.51731178977275,0.6544726
2.0611488819122314,231.9502865935645,0.7232484,264.35125840130974,0.6548484
2.05657696723938,231.704291603782,0.7238119,264.1845642089844,0.6552243
2.06557559967041,231.42680588635534,0.7244381,264.055706353357,0.6555375
2.0484848022460938,231.20289335476127,0.7249389,263.8871412489149,0.6559133
2.0616793632507324,230.92199845354546,0.7255651,263.7331746234652,0.6562891
2.0377964973449707,230.6665454829505,0.7261286,263.55557519122647,0.6566649
2.0499801635742188,230.40914489175674,0.7266922,263.4149502345494,0.6569782
2.038778305053711,230.1690315040382,0.7272556,263.25008494583597,0.6573541
2.0465612411499023,229.94096109141472,0.7277565,263.08220089183135,0.6577299
2.065915822982788,229.71648978589099,0.7282575,262.9502757218864,0.6580431
2.053218126296997,229.45957315379175,0.728821,262.78499387037306,0.6584189
2.042384624481201,229.17898864746093,0.7294471,262.6208367696622,0.6587948
2.0559728145599365,228.9032496525691,0.7300733,262.4529627019709,0.6591706
2.0449025630950928,228.64741796376754,0.7306368,262.3190275242018,0.6594839
2.0506997108459473,228.3968875444115,0.7312003,262.1585716049024,0.6598597
2.0704874992370605,228.14221780825181,0.7317638,261.9891529302488,0.6602355
2.047412872314453,227.89263916015628,0.7323274,261.8296486766068,0.6606114
2.0428617000579834,227.61595556130362,0.7329535,261.69169108072913,0.6609245
2.037052869796753,227.35647917956842,0.733517,261.53206168280707,0.6613004
2.0439858436584473,227.111970885726,0.7340805,261.3611145019531,0.6616763
2.059647798538208,226.98077875958745,0.734644,261.2016906738281,0.6620521
2.046513319015503,226.68697102864581,0.7352702,261.0696221229239,0.6623653
2.0558860301971436,226.39981647247959,0.7358337,260.90040429238155,0.6627412
2.0564017295837402,226.14117164333373,0.7363972,260.7347830472418,0.663117
2.041332960128784,225.87511209803304,0.7369608,260.57673295047306,0.6634929
2.056574821472168,225.59625385284423,0.7375869,260.4371878108623,0.6638061
2.033646821975708,225.32822230824252,0.7381504,260.264159109933,0.6641819
2.0608136653900146,225.079289086537,0.7387139,260.1076835052312,0.6645577
2.0547304153442383,224.77786784154463,0.7393401,259.9656769917273,0.664871
2.0647897720336914,224.50286573665153,0.7399035,259.803838556463,0.6652468
2.0483033657073975,224.23473707537775,0.7404671,259.63598426612646,0.6656227
2.0506694316864014,223.97909652355105,0.7410306,259.472500829254,0.6659985
2.0630838871002197,223.75086177726257,0.7415316,259.3355565121299,0.6663117
2.0524792671203613,223.49368556541734,0.742095,259.1739228462261,0.6666875
2.0423779487609863,223.23507461547857,0.7426586,259.0161757195133,0.6670634
2.03751802444458,222.97217858238557,0.7432221,258.8665373831084,0.6673766
2.0489652156829834,222.72764414864798,0.7437856,258.704114151997,0.6677525
2.0638718605041504,222.4745401955821,0.7443491,258.54154706856167,0.6681283
2.040269136428833,222.21444298239314,0.7449127,258.37841532692977,0.6685041
2.045250654220581,221.96034175944777,0.7454762,258.2346837729103,0.6688173
2.056569814682007,221.7058003263653,0.7460397,258.07979628619023,0.6691932
2.0680909156799316,221.45404363232993,0.7466032,257.9072171957186,0.669569
2.0411105155944824,221.20037477510468,0.7471667,257.76751139846266,0.6698822
2.056407928466797,220.98028324157232,0.7476677,257.6072114643298,0.6702581
2.048283100128174,220.78384783795772,0.7482312,257.4447220384884,0.6706339
2.065150737762451,220.5560606886076,0.7487321,257.3037148215554,0.6709471
2.0598301887512207,220.3315632866028,0.749233,257.14385030016916,0.671323
2.0599398612976074,220.07688784131813,0.7497965,256.97635299589,0.6716988
2.060281276702881,219.82551518424611,0.75036,256.8123225206769,0.6720747
2.0583889484405518,219.5723970853366,0.7509236,256.6704780910326,0.6723879
2.058837890625,219.28500498160554,0.7515497,256.50532621495864,0.6727637
2.0618276596069336,219.03762224686048,0.7521132,256.3404725035478,0.6731396
2.041896104812622,218.77400294436686,0.7526767,256.1720252175933,0.6735154
2.0582079887390137,218.54641532897946,0.7531776,256.04620525548273,0.6738286
2.0403106212615967,218.27761061174155,0.7537412,255.873944041295,0.6742044
2.0649871826171875,218.05248641967776,0.754242,255.70933111929295,0.6745803
2.0567409992218018,217.7961270809174,0.7548056,255.5721287299559,0.6748935
2.0385658740997314,217.5712836329922,0.7553065,255.40576048155089,0.6752694
2.0584957599639893,217.2903070124428,0.75587,255.24085820185678,0.6756452
2.0773684978485107,217.0681599231827,0.7563709,255.07256502872997,0.6760211
2.0353329181671143,216.80270412115405,0.7569345,254.94137468009157,0.6763343
2.0520541667938232,216.56570594255314,0.7574353,254.7773896188447,0.6767101
2.0412561893463135,216.31339711531322,0.7579989,254.6065083216954,0.6770859
2.0590767860412598,216.08364455019955,0.7584998,254.48215170467603,0.6773992
2.055262565612793,215.84894936771715,0.7590007,254.30556275061076,0.677775
2.0410029888153076,215.62628068595097,0.7595016,254.13864395969597,0.6781508
2.0634331703186035,215.39837400202165,0.7600025,254.00746062617975,0.678464
2.052913188934326,215.14707075409802,0.760566,253.84052939726925,0.6788399
2.0475399494171143,214.9174580091841,0.7610669,253.6707857527823,0.6792157
2.0658152103424072,214.64510364296996,0.7616305,253.51249781069546,0.6795916
2.041887044906616,214.4212745217716,0.7621313,253.37077597684635,0.6799047
2.0696487426757812,214.16069183082382,0.7626949,253.20800938018382,0.6802806
2.0448825359344482,213.91043395996093,0.7632584,253.04382877793427,0.6806565
2.0371761322021484,213.65032177436643,0.7638219,252.89710926024384,0.6809697
2.042994499206543,213.42272114871173,0.7643228,252.73985936781932,0.6813455
2.0618815422058105,213.19180309112656,0.7648237,252.57230188856562,0.6817214
2.04964017868042,212.93558855989377,0.7653872,252.4297314715642,0.6820345
2.051499366760254,212.70227921504392,0.7658882,252.2679398446713,0.6824104
2.0469861030578613,212.4403505667272,0.7664517,252.10228808421013,0.6827863
2.0423288345336914,212.1827293235189,0.7670152,251.9705385694317,0.6830995
2.0443999767303467,211.96197090148925,0.7675161,251.79922098884416,0.6834753
2.0367777347564697,211.73268365078283,0.7680171,251.63794989873898,0.6838512
2.0571608543395996,211.47730506896974,0.7685805,251.48997719008216,0.6841643
2.0700979232788086,211.22104141701777,0.7691441,251.3373352920641,0.6845402
2.0452983379364014,211.03046875,0.7695824,251.1661200002462,0.6849161
2.0445923805236816,210.76598442925345,0.7701459,250.99716035900198,0.6852919
2.0615415573120117,210.53574398965225,0.7706468,250.86016068892047,0.6856051
2.0468788146972656,210.3073577880859,0.7711477,250.69917174591416,0.685981
2.0441484451293945,210.04687757047702,0.7717113,250.5288941626455,0.6863568
2.0537166595458984,209.81207033921572,0.7722121,250.3814577879729,0.68667
2.0399258136749268,209.5579240314447,0.7727757,250.2184757813505,0.6870459
2.0661842823028564,209.30896378839296,0.7733392,250.05884915645993,0.6874217
2.0431389808654785,209.06250138716263,0.77384,249.9188021146334,0.6877349
2.0647900104522705,208.83409210336055,0.774341,249.75176130022322,0.6881108
2.0553369522094727,208.60874615789416,0.7748419,249.5858747798241,0.6884866
2.0519723892211914,208.3856373662534,0.7753428,249.4438899202167,0.6887998
2.0626604557037354,208.12354860807716,0.7759063,249.27929657912324,0.6891757
2.0516488552093506,207.8897586769423,0.7764072,249.1079618181501,0.6895514
2.060631513595581,207.6700335693359,0.7769082,248.94304808863888,0.6899273
2.060173988342285,207.46267357355433,0.7773464,248.80787416783778,0.6902406
2.0510425567626953,207.23356846400668,0.7778473,248.63793441227503,0.6906164
2.066741943359375,206.9826330275763,0.7784109,248.471042668708,0.6909923
2.064574956893921,206.74718505961437,0.7789118,248.33065981285594,0.6913054
2.0448901653289795,206.5158522322371,0.7794127,248.16047678053752,0.6916813
2.0580227375030518,206.29673584236585,0.7799136,247.99773986816405,0.6920571
2.031015634536743,206.06647132424746,0.7804145,247.82523565423,0.692433
2.051037311553955,205.8047932349831,0.780978,247.69016340667125,0.6927462
2.058061361312866,205.5717404373293,0.7814789,247.52637129265642,0.693122
2.050565004348755,205.3423005759402,0.7819798,247.3588767673658,0.6934979
2.054999351501465,205.1094037420099,0.7824807,247.223196119126,0.693811
2.0526163578033447,204.8545924027761,0.7830443,247.05519520152694,0.6941869
2.0528640747070312,204.61843462688165,0.7835452,246.88447221362864,0.6945628
2.064249277114868,204.381368991548,0.7840461,246.74322132487873,0.694876
2.0595455169677734,204.16119360698133,0.7845469,246.5773763973547,0.6952518
2.050337314605713,203.90158344850704,0.7851105,246.41150442402017,0.6956277
2.045060634613037,203.65752738546053,0.7856114,246.24730506310095,0.6960035
2.0708959102630615,203.44841649672566,0.7861123,246.10628098707934,0.6963167
2.0587923526763916,203.22032968621505,0.7866132,245.93599404959843,0.6966926
2.05953311920166,202.98977244984022,0.7871141,245.7672576213854,0.6970684
2.066988229751587,202.7316712515695,0.7876777,245.62457050996667,0.6973816
2.0686757564544678,202.49621171934652,0.7881785,245.45630209034886,0.6977575
2.0666379928588867,202.2726200382884,0.7886795,245.28843100029127,0.6981333
2.049994707107544,202.01466838038246,0.789243,245.1213580211961,0.6985092
2.0383665561676025,201.7864068792772,0.7897439,244.99126981409592,0.6988224
2.0364017486572266,201.5583758544922,0.7902448,244.82396426443327,0.6991982
2.0564815998077393,201.32262936760395,0.7907457,244.6552843907617,0.699574
2.051274538040161,201.09415074398646,0.7912467,244.51462316031413,0.6998873
2.049393653869629,200.86133037913928,0.7917476,244.341302091723,0.7002631
2.05743670463562,200.62724176189244,0.7922484,244.18179694281682,0.700639
2.051886796951294,200.3949678316398,0.7927494,244.03466103293678,0.7009521
2.056640386581421,200.16660794344824,0.7932503,243.87015760705833,0.701328
2.057598114013672,199.91481683609337,0.7938138,243.698682308197,0.7017038
2.068892478942871,199.67222922188895,0.7943147,243.53472462900868,0.7020797
2.050139904022217,199.44191366528705,0.7948156,243.39577388763428,0.7023929
2.0578794479370117,199.21316619146438,0.7953165,243.22848045474197,0.7027688
2.0496890544891357,198.9835797478171,0.7958174,243.0615526951781,0.7031446
2.0661802291870117,198.75628577338327,0.7963183,242.8941738451298,0.7035204
2.0539379119873047,198.52306659405048,0.7968192,242.75706641904776,0.7038336
2.0619564056396484,198.31713249569847,0.7972575,242.58807080857298,0.7042094
2.046941041946411,198.08924828506093,0.7977585,242.41522827148435,0.7045853
2.0492210388183594,197.88181528691268,0.7981967,242.2921714136157,0.7048985
2.061816930770874,197.65523862578183,0.7986977,242.11417499827917,0.7052743
2.0520145893096924,197.4220587990501,0.7991986,241.93785167875743,0.7056502
2.0433969497680664,197.18077739948632,0.7996994,241.79958364976952,0.7059634
2.0545694828033447,196.96504523537376,0.8002004,241.63608427970644,0.7063393
2.043201208114624,196.7229545211792,0.8007012,241.46639554253937,0.7067151
2.0397818088531494,196.49779743728243,0.8012022,241.3250879251732,0.7070283
2.035905361175537,196.2886005748402,0.8016404,241.1517942412561,0.7074041
2.052807569503784,196.08977133261186,0.8020788,240.98384304147552,0.70778
2.0499398708343506,195.859334438662,0.8025797,240.84816801614602,0.7080932
2.0609989166259766,195.62619153191062,0.8030806,240.67871913303335,0.708469
2.0607573986053467,195.3935946509951,0.8035814,240.5141877417471,0.7088449
2.04057240486145,195.18805274534765,0.8040198,240.37246877736055,0.7091581
2.060546636581421,194.9560210584928,0.8045207,240.19752575102305,0.7095339
2.032987594604492,194.72924291437323,0.8050216,240.02867610480197,0.7099098
2.0646026134490967,194.51305910961767,0.8055225,239.89620821737822,0.710223
2.0677919387817383,194.26703610627547,0.8060234,239.72991816202796,0.7105989
2.05501651763916,194.02553382987404,0.8065244,239.560498154815,0.7109747
2.039405107498169,193.79079154841813,0.8070252,239.41919996473527,0.7112879
2.0568668842315674,193.56581413455123,0.8075261,239.25375525260205,0.7116637
2.050326347351074,193.36786964485594,0.8079644,239.08490458074604,0.7120396
2.0667452812194824,193.13208751836095,0.8084654,238.91722966583683,0.7124155
2.0646090507507324,192.92776720451585,0.8089036,238.7722566595488,0.7127286
2.039806604385376,192.6924129858949,0.8094046,238.60363130791242,0.7131045
2.053234815597534,192.4633173293616,0.8099054,238.43878849372038,0.7134804
2.0589957237243652,192.24746203813396,0.8103437,238.30376936514165,0.7137935
2.044893980026245,192.01891520800507,0.8108446,238.1291931152344,0.7141694
2.0405876636505127,191.82558611527224,0.8112829,237.96478101942273,0.7145452
2.0583603382110596,191.586165648881,0.8117839,237.79010575393147,0.714921
2.038179874420166,191.37938417066047,0.8122221,237.64954219452324,0.7152343
2.0716264247894287,191.15363237934727,0.8127231,237.4826246408316,0.7156101
2.069873809814453,190.91619993059822,0.8132239,237.33005341005997,0.7159233
2.050726890563965,190.67852589440724,0.8137249,237.17380841364624,0.7162992
2.047881603240967,190.4487592318332,0.8142258,237.0001313991457,0.716675
2.050541639328003,190.23585235595712,0.8147267,236.83013772064783,0.7170508
2.050666570663452,190.01282716408753,0.8151649,236.69620380535,0.7173641
2.036118745803833,189.81244634069344,0.8156033,236.52860231752743,0.71774
2.067612886428833,189.57978048203867,0.8161041,236.35631019258338,0.7181158
2.0648038387298584,189.3469130572151,0.8166051,236.18330166023526,0.7184916
2.0468623638153076,189.13987395262802,0.8170434,236.04341326703084,0.7188048
2.033747911453247,188.89835257950523,0.8175443,235.87664907768226,0.7191806
2.0474579334259033,188.7021255493164,0.8179826,235.70435347756504,0.7195565
2.041901111602783,188.46577914255974,0.8184834,235.5682606120686,0.7198697
2.0558295249938965,188.25765139096748,0.8189219,235.39914461932605,0.7202456
2.048482894897461,188.01992400874937,0.8194227,235.24078405327478,0.7206214
2.034609079360962,187.82383234360637,0.819861,235.09047566656702,0.7209346
2.0670931339263916,187.5892073931861,0.8203619,234.92042370441249,0.7213104
2.063162088394165,187.38288762019235,0.8208002,234.75123993206915,0.7216863
2.0580103397369385,187.148631411049,0.8213011,234.6068255106608,0.7219995
2.0418360233306885,186.9075622558593,0.821802,234.42932235924906,0.7223753
2.0492067337036133,186.7075664378979,0.8222403,234.27410675048824,0.7227512
2.0495717525482178,186.50005218619305,0.8226787,234.12753226802033,0.7230644
2.049262046813965,186.26453081935406,0.8231794,233.95842035299341,0.7234402
2.058283567428589,186.06419971321205,0.8236178,233.79072740342886,0.7238161
2.0543315410614014,185.82726563428295,0.8241187,233.6480926513672,0.7241293
2.048279285430908,185.61633269640865,0.824557,233.4803009033203,0.7245051
2.047703504562378,185.38620293409303,0.8250579,233.31312641344573,0.724881
2.0700292587280273,185.1863755715269,0.8254962,233.16876307896203,0.7251942
2.0331661701202393,184.94544581363076,0.8259972,232.9985863535027,0.72557
2.06227707862854,184.74344328971904,0.8264354,232.8256367876486,0.7259459
2.0546460151672363,184.49675196923582,0.8269363,232.69080572169224,0.7262591
2.045992374420166,184.29756929852275,0.8273746,232.52429482280345,0.7266349
2.0641613006591797,184.0658632166246,0.8278755,232.3483020558077,0.7270108
2.061269760131836,183.85444897944387,0.8283138,232.17848402943778,0.7273866
2.0408570766448975,183.6524326171875,0.8287521,232.00576920942828,0.7277625
2.064258098602295,183.41558100432448,0.829253,231.8695110808638,0.7280757
2.064239740371704,183.2079779502073,0.8296913,231.6962689993063,0.7284515
2.0518877506256104,182.979736328125,0.8301922,231.54029677818562,0.7288274
2.072601318359375,182.76747833598736,0.8306305,231.38709174262152,0.7291406
2.0499184131622314,182.53346003908104,0.8311314,231.22203063964844,0.7295164
2.056953191757202,182.2988285337176,0.8316323,231.05090918907752,0.7298923
2.0430526733398438,182.09488263226194,0.8320706,230.9151291402181,0.7302055
2.051682472229004,181.87787141507715,0.8325089,230.7390843053018,0.7305813
2.059133291244507,181.65104903036087,0.8330098,230.56679388489388,0.7309571
2.064744234085083,181.43698315915805,0.8334481,230.42808276264608,0.7312704
2.047612190246582,181.20574394104975,0.833949,230.25888386710744,0.7316462
2.0574164390563965,181.00196132575888,0.8343873,230.08897393464042,0.732022
2.0488622188568115,180.79478056534478,0.8348256,229.91826167924503,0.7323979
2.0598127841949463,180.5576461305314,0.8353266,229.77440484473323,0.7327111
2.033339500427246,180.35971975136565,0.8357648,229.60524070607445,0.733087
2.0512144565582275,180.11758666479287,0.8362658,229.4356549540267,0.7334628
2.0681748390197754,179.91138080347366,0.8367041,229.29010087352688,0.733776
2.0543651580810547,179.67113375550758,0.8372049,229.12908013823068,0.7341518
2.0556139945983887,179.4672957374936,0.8376432,228.9550905414656,0.7345277
2.044482707977295,179.2610476377199,0.8380816,228.78761951739972,0.7349035
2.0781164169311523,179.0623580723593,0.8385199,228.64130395408569,0.7352167
2.0567686557769775,178.84869433738086,0.8389581,228.47131788874248,0.7355926
2.025233507156372,178.65025899918354,0.8393964,228.29950872785346,0.7359684
2.0655670166015625,178.4297572274695,0.8398347,228.15755789620533,0.7362816
2.04278826713562,178.22374962116103,0.840273,227.98321150052914,0.7366575
2.0413734912872314,177.99176786848645,0.8407739,227.82589578807128,0.7370333
2.0517842769622803,177.75622851801856,0.8412748,227.64782442060928,0.7374092
2.045487880706787,177.5449072655211,0.8417131,227.50779123306276,0.7377224
2.049391746520996,177.34558146523787,0.8421515,227.33634809592576,0.7380982
2.061295509338379,177.13100520900036,0.8425897,227.16385709322418,0.7384741
2.0456366539001465,176.92205041827577,0.843028,227.02606786571957,0.7387873
2.0634853839874268,176.68583120058665,0.8435288,226.85242334148225,0.7391631
2.054457902908325,176.48069000244138,0.8439672,226.69389442667512,0.739539
2.06836199760437,176.2401069972826,0.8444681,226.52479028865642,0.7399148
2.049685001373291,176.0283571353629,0.8449064,226.36889821475313,0.740228
2.062680721282959,175.83145885226094,0.8453446,226.20130068117433,0.7406039
2.063640832901001,175.62311140221746,0.845783,226.0326488937778,0.7409797
2.0364677906036377,175.37956136741386,0.8462839,225.86352244003044,0.7413555
2.0648982524871826,175.2012229090773,0.8466596,225.7168920716243,0.7416687
2.065514087677002,174.9970556142379,0.8470979,225.55061136881508,0.7420446
2.04834246635437,174.76307719462625,0.8475988,225.40328294217232,0.7423578
2.051793336868286,174.57763172018116,0.8480371,225.23398665876573,0.7427337
2.0544326305389404,174.34634284973146,0.8484754,225.06691034926166,0.7431095
2.0474133491516113,174.138618367513,0.8489137,224.89572065590076,0.7434854
2.054086446762085,173.8993607641945,0.8494146,224.75698996151195,0.7437985
2.0606939792633057,173.6866455078125,0.8498528,224.58574170951383,0.7441744
2.044961929321289,173.48614211048152,0.8502912,224.41801335492468,0.7445502
2.063136339187622,173.26826848210513,0.8507295,224.2664818548387,0.7448635
2.0476160049438477,173.07158093261717,0.8511678,224.0964016945946,0.7452393
2.0482430458068848,172.85357300161618,0.851606,223.92922652906677,0.7456151
2.0551300048828125,172.61843751447475,0.852107,223.78179253472223,0.7459283
2.0489954948425293,172.4132572771555,0.8525453,223.6136178498221,0.7463042
2.050534963607788,172.20621206135772,0.8529836,223.4448904406883,0.74668
2.059746265411377,172.00063878839666,0.8534218,223.2796423664366,0.7470559
2.0613715648651123,171.788281507895,0.8538601,223.13147946871243,0.7473691
2.0554540157318115,171.58509128064992,0.8542984,222.96481227874756,0.7477449
2.0473432540893555,171.36634333829699,0.8547367,222.797309420002,0.7481208
2.0641024112701416,171.1660334838237,0.855175,222.6394656613576,0.748434
2.0582711696624756,170.95276810286882,0.8556133,222.47911146996728,0.7488098
2.045374870300293,170.7453213299022,0.8560515,222.30773014808767,0.7491857
2.0406854152679443,170.53604125976562,0.8564899,222.1617397658169,0.7494988
2.040804862976074,170.32668183979249,0.8569282,221.99628492082866,0.7498747
2.0579476356506348,170.08129734275616,0.8574291,221.82015389258703,0.7502506
2.039149045944214,169.88380956865544,0.8578673,221.64934075072844,0.7506264
2.0478034019470215,169.6679273839805,0.8583057,221.51402225779066,0.7509396
2.0431134700775146,169.45607623291016,0.858744,221.33538845607214,0.7513155
2.0666489601135254,169.25338507417462,0.8591823,221.16843386609173,0.7516913
2.0537173748016357,169.07169631105032,0.8595579,221.02719425375943,0.7520045
2.0417869091033936,168.83505453274944,0.8600589,220.85179651433774,0.7523804
2.0651473999023438,168.60940101498463,0.8604972,220.6876216273154,0.7527562
2.055852174758911,168.4165837424142,0.8609354,220.51247954368586,0.7531321
2.0552613735198975,168.20021410686212,0.8613737,220.37230072021478,0.7534452
2.053858518600464,167.99332080709522,0.861812,220.20202805054146,0.7538211
2.05082368850708,167.78224436442056,0.8622503,220.0305485156698,0.7541969
2.058034896850586,167.57759649103338,0.8626886,219.8613323516129,0.7545728
2.0620834827423096,167.36152505402515,0.8631269,219.71038600376679,0.754886
2.0521347522735596,167.12385521521935,0.8636278,219.54122949716992,0.7552619
2.0440375804901123,166.93833791897092,0.8640035,219.37260146368115,0.7556377
2.051987648010254,166.76255278153855,0.8643791,219.22207398848101,0.7559509
2.0590834617614746,166.55317856036615,0.8648175,219.0498714708302,0.7563267
2.026808977127075,166.3396377563478,0.8652557,218.88467798251406,0.7567026
2.0414235591888428,166.1330470909067,0.865694,218.73859244585032,0.7570158
2.0575144290924072,165.93037232565223,0.8661324,218.5720038780799,0.7573916
2.058030128479004,165.7134162902832,0.8665707,218.42436573423188,0.7577048
2.063798189163208,165.53020085515203,0.8669463,218.2546553422701,0.7580807
2.041712999343872,165.3229557440533,0.8673846,218.08993707869794,0.7584565
2.049175500869751,165.10970717210037,0.8678229,217.9148086373133,0.7588324
2.0488944053649902,164.89902177641665,0.8682612,217.77587901602544,0.7591455
2.0652313232421875,164.69047595382833,0.8686995,217.60326658789788,0.7595214
2.0477042198181152,164.48032899216383,0.8691379,217.42523288726807,0.7598973
2.0358872413635254,164.27394165655582,0.8695761,217.25770590802745,0.7602731
2.055332899093628,164.0580898564755,0.8700144,217.10788482090211,0.7605863
2.041895627975464,163.84726981026793,0.8704527,216.9362030029297,0.7609622
2.0650219917297363,163.6419647216797,0.870891,216.76764030456545,0.761338
2.06030535697937,163.4298983083188,0.8713293,216.61960507943434,0.7616512
2.06356143951416,163.2001985822403,0.8717676,216.44948703802913,0.7620271
2.062786817550659,163.0035733309659,0.8722058,216.27918566687632,0.7624029
2.0529158115386963,162.79698914366887,0.8726442,216.11015398074423,0.7627788
2.052267074584961,162.5830943061706,0.8730824,215.96063147335693,0.763092
2.039003372192383,162.3630065917969,0.8735208,215.80351365670643,0.7634678
2.049760580062866,162.15791289870805,0.8739591,215.62656701129418,0.7638436
2.0568017959594727,161.9673765951128,0.8743347,215.48006679393626,0.7641569
2.0675904750823975,161.77108080167298,0.874773,215.30897932786212,0.7645327
2.050689220428467,161.55410662348964,0.8752113,215.14701056814326,0.7649086
2.0530178546905518,161.34258524576822,0.8756496,214.9996510733546,0.7652218
2.0502378940582275,161.13304452016845,0.876088,214.81575622558594,0.7655976
2.051828622817993,160.9212773871098,0.8765262,214.6427698135376,0.7659735
2.054173231124878,160.71117177216902,0.8769645,214.50559644197162,0.7662867
2.041349172592163,160.530769740986,0.8773402,214.33405976248258,0.7666625
2.032938003540039,160.32786791992189,0.8777784,214.16387145761794,0.7670383
2.049450397491455,160.09978300754025,0.8782167,214.02048852410115,0.7673516
2.0644686222076416,159.92396018288346,0.8785924,213.84518947209784,0.7677274
2.052520513534546,159.70965285285263,0.8790308,213.6788457109423,0.7681032
2.0423543453216553,159.52333094710013,0.8794065,213.53622033070704,0.7684165
2.055227518081665,159.31699234626197,0.8798448,213.36215486426804,0.7687922
2.038022041320801,159.09808810252062,0.880283,213.1958054391961,0.7691681
2.0588605403900146,158.89037395276517,0.8807213,213.04797804730492,0.7694814
2.045020580291748,158.70693488409057,0.8810969,212.8711297572841,0.7698572
2.068075656890869,158.49218272630063,0.8815353,212.70383490320623,0.7702331
2.0560245513916016,158.2436420518981,0.8820362,212.52947279244407,0.7706089
2.0507726669311523,158.06055549953294,0.8824119,212.38227645210597,0.7709221
2.047269344329834,157.8519143631209,0.8828502,212.21387955515007,0.7712979
2.037649393081665,157.62659173262747,0.8832885,212.0341647041403,0.7716737
2.0424680709838867,157.42257636755548,0.8837268,211.894288283128,0.771987
2.036724328994751,157.2347919697663,0.8841024,211.72556804409984,0.7723628
2.0562126636505127,157.02226516435732,0.8845407,211.551547411806,0.7727386
2.0679712295532227,156.81390380859375,0.8849791,211.41483870497694,0.7730518
2.0487022399902344,156.6221896544197,0.8853547,211.23578702486475,0.7734277
2.0466148853302,156.41474255776495,0.8857929,211.05896749841165,0.7738035
2.0650196075439453,156.201095937291,0.8862313,210.92306227911084,0.7741168
2.0488321781158447,156.01902245225085,0.886607,210.7491534965626,0.7744926
2.0467746257781982,155.79934997558595,0.8870453,210.57765998214973,0.7748684
2.053852081298828,155.59226465936916,0.8874835,210.4331169615401,0.7751817
2.054901361465454,155.41102157100556,0.8878592,210.26373995267423,0.7755575
2.0486435890197754,155.19442462921143,0.8882976,210.0946757868145,0.7759333
2.03310489654541,154.9779751882904,0.8887359,209.94168429904516,0.7762465
2.0408687591552734,154.79664997301597,0.8891115,209.76997939557262,0.7766224
2.032111167907715,154.58416748046878,0.8895498,209.60325542947518,0.7769982
2.052295207977295,154.40067771370406,0.8899255,209.45018165989927,0.7773114
2.0490024089813232,154.18689724755666,0.8903638,209.28335501667215,0.7776873
2.055387020111084,153.96994018554685,0.8908021,209.1112462314991,0.7780631
2.0489838123321533,153.7823670350431,0.8911777,208.963047952363,0.7783763
2.0497915744781494,153.5754081324527,0.8916161,208.79043828116522,0.7787522
2.053755521774292,153.35063358229033,0.8920544,208.60919915093316,0.779128
2.046410322189331,153.17369742557923,0.89243,208.47395146525844,0.7794413
2.065155506134033,152.98755093278555,0.8928057,208.29927352905267,0.7798171
2.0537688732147217,152.77287620834153,0.893244,208.13357335140833,0.7801929
2.0585780143737793,152.5837782039199,0.8936196,207.95319845105308,0.7805688
2.0429046154022217,152.3708459484371,0.894058,207.80883094937192,0.780882
2.061595916748047,152.19316182299713,0.8944337,207.63685258229572,0.7812578
2.0566349029541016,151.97410680763272,0.8948719,207.49442089305202,0.781571
2.0629427433013916,151.76000807020407,0.8953102,207.32275211473225,0.7819469
2.053631067276001,151.5794554271144,0.895686,207.1490732828776,0.7823227
2.049288749694824,151.36060514502765,0.8961243,207.00548130128442,0.7826359
2.0465667247772217,151.1797883832777,0.8964999,206.8383146312139,0.7830118
2.0526959896087646,150.99643090065945,0.8968756,206.6548985348472,0.7833876
2.044564723968506,150.77924772980927,0.8973139,206.51445360685648,0.7837008
2.065239429473877,150.58660185215837,0.8976896,206.34681924486918,0.7840767
2.0485849380493164,150.37303389625987,0.8981278,206.17220992493114,0.7844525
2.035055160522461,150.19337998952295,0.8985035,206.0158882141113,0.7847657
2.051720142364502,150.0096208593045,0.8988792,205.84339661455633,0.7851416
2.0460522174835205,149.79000091552732,0.8993176,205.67936992970743,0.7855174
2.051057815551758,149.6031951904297,0.8996932,205.5307090312773,0.7858306
2.0393335819244385,149.38668241954986,0.9001314,205.3596197200727,0.7862065
2.065513849258423,149.20524549484253,0.9005072,205.18469910084593,0.7865823
2.04768705368042,148.9891608424441,0.9009455,205.04126300233784,0.7868955
2.0455737113952637,148.80136139038575,0.9013212,204.8681027148771,0.7872714
2.0676958560943604,148.59294501884833,0.9017594,204.69067437114242,0.7876472
2.061807632446289,148.39707712766503,0.9021351,204.55216557800534,0.7879604
2.057957649230957,148.2246111701517,0.9025108,204.37017201908301,0.7883363
2.0438103675842285,148.00410147743358,0.9029491,204.23522424260412,0.7886495
2.0477070808410645,147.82210400811556,0.9033248,204.05493443806964,0.7890253
2.057039260864258,147.61070743683845,0.903763,203.87821657795553,0.7894011
2.0626206398010254,147.4222701848249,0.9041388,203.74736969559285,0.7897143
2.0609474182128906,147.2020042761048,0.9045771,203.571434469784,0.7900902
2.059107780456543,147.01489788552985,0.9049527,203.39614690391764,0.7904661
2.065152168273926,146.8281616097066,0.9053284,203.22437799387967,0.7908419
2.0516788959503174,146.60600554053462,0.9057667,203.069576394969,0.7911551
2.057853937149048,146.42403815258515,0.9061423,202.90024104734667,0.791531
2.048586130142212,146.2140172443119,0.9065807,202.76223302041325,0.7918441
2.067528247833252,146.02330141204396,0.9069564,202.5886595298233,0.79222
2.04471755027771,145.8322268041194,0.907332,202.4113560207446,0.7925959
2.0576438903808594,145.62513660249255,0.9077703,202.26575356341425,0.792909
2.059614896774292,145.4420068129054,0.908146,202.09065876007082,0.7932849
2.059345006942749,145.2543174169397,0.9085217,201.91834080472904,0.7936607
2.052546739578247,145.06744604081555,0.9088974,201.7726089402372,0.7939739
2.0555784702301025,144.85518561469186,0.9093357,201.59459615308182,0.7943498
2.0448668003082275,144.6695127205507,0.9097114,201.42291051961107,0.7947257
2.0536935329437256,144.45029620830834,0.9101497,201.2781155268351,0.7950388
2.0385167598724365,144.26449659515282,0.9105253,201.09616390494412,0.7954147
2.0663607120513916,144.10654348350445,0.910901,200.96005400100552,0.7957279
2.0735204219818115,143.8572270276378,0.9113393,200.78291883306983,0.7961037
2.0573291778564453,143.67342609420245,0.9117149,200.61152937605576,0.7964796
2.0655300617218018,143.48756276006281,0.9120907,200.46717758178715,0.7967928
2.058631181716919,143.29895735760135,0.9124663,200.2932859148298,0.7971686
2.0511155128479004,143.08011938432495,0.9129046,200.12554254175717,0.7975445
2.0597081184387207,142.88668885842347,0.9132803,199.97311249671625,0.7978577
2.045651435852051,142.70162050893614,0.913656,199.79388261153704,0.7982335
2.0463907718658447,142.52033078573584,0.9140317,199.6223349735654,0.7986094
2.0565128326416016,142.2929965226108,0.9144699,199.47903890302103,0.7989226
2.034130811691284,142.109975197736,0.9148457,199.3004967717841,0.7992984
2.057718276977539,141.92131842455817,0.9152213,199.16136755970865,0.7996116
2.040447950363159,141.73848512682608,0.9155971,198.98508947571713,0.7999875
2.052372694015503,141.54612021871134,0.9159727,198.8151418897841,0.8003633
2.0637190341949463,141.3607066666999,0.9163484,198.66659102006398,0.8006765
2.0543017387390137,141.17219061600534,0.9167241,198.4992334601584,0.8010524
2.0460801124572754,140.95494667428437,0.9171623,198.3452233939335,0.8013656
2.0435378551483154,140.7723236083984,0.9175381,198.17454324889292,0.8017414
2.0515711307525635,140.5417498584208,0.9179763,197.9977517476896,0.8021173
2.0610547065734863,140.39948689436713,0.9182894,197.85537931880847,0.8024304
2.05111026763916,140.16529226994166,0.9187277,197.67869320431274,0.8028063
2.048699140548706,139.98432165889415,0.9191034,197.5320634810235,0.8031196
2.059847354888916,139.7916623202237,0.9194791,197.35162712545952,0.8034953
2.046335220336914,139.56644603184287,0.9199173,197.17778739929204,0.8038713
2.052739143371582,139.38096618652344,0.920293,197.04268969335587,0.8041844
2.05678129196167,139.19046348948115,0.9206687,196.86694448042888,0.8045603
2.043951988220215,139.00410164727106,0.9210444,196.71847431542093,0.8048735
2.0541672706604004,138.8089364456804,0.9214201,196.55087729516976,0.8052493
2.0581915378570557,138.6224284134512,0.9217957,196.3640667889569,0.8056252
2.050001621246338,138.42878056125903,0.9221714,196.23050611407706,0.8059383
2.0478100776672363,138.2124154978785,0.9226097,196.05052138174045,0.8063143
2.0421876907348633,138.01880900065103,0.9229855,195.87226003011068,0.80669
2.0413167476654053,137.86229004257027,0.9232985,195.73136528652884,0.8070032
2.065288782119751,137.64367444420546,0.9237368,195.55596140144095,0.8073792
2.042067527770996,137.4483724194904,0.9241124,195.40410172311886,0.8076923
2.04738187789917,137.2609844920052,0.9244882,195.2317185345818,0.8080682
2.038036823272705,137.03925598144528,0.9249264,195.05067950617658,0.808444
2.0674633979797363,136.85451083713107,0.9253021,194.9132309925707,0.8087572
2.050041675567627,136.65991339626078,0.9256778,194.7371306548247,0.8091331
2.0487844944000244,136.4733810424804,0.9260534,194.58514423611797,0.8094462
2.0634303092956543,136.27909094337528,0.9264292,194.4123828944875,0.8098221
2.039362907409668,136.08774036966312,0.9268048,194.23926989951826,0.8101979
2.04465389251709,135.89553423794834,0.9271805,194.08978913959706,0.8105112
2.060770034790039,135.71592221941265,0.9275562,193.910892807957,0.810887
2.0393226146698,135.52586078417272,0.9279319,193.77611771725012,0.8112002
2.072431802749634,135.33396665061395,0.9283075,193.59247196946183,0.8115761
2.0440938472747803,135.17715528173352,0.9286206,193.4535116668618,0.8118893
2.056736469268799,134.98028259277345,0.9289963,193.27237156459267,0.8122651
2.069833993911743,134.75276984543098,0.9294346,193.09952342102284,0.812641
